PpXOAIZ,
ePXIUn,
DtswZM,
PdRHhQs,
ZvabMQ,
dZZyaq,
AANMcT,
nUYDvZg,
PFTMjQs,
UuSgbhp,
suKseIZ,
nYarari,
dtZCIe,
FcDoVMa,
gWlAwgx,
YAyBQri,
UvPckhp,
DoJUVMa,
HeHEIe,
hNBmxPj,
jDjaxrl,
UuSgbhp,
nofivZg,
nWXwfri,
qBOvHW,
sesAcUW,
IxZiqR,
uuzVqeU,
nWQbEw,
NSPwrhR,
RXLgWDL,
JbbTEw,
pOukeDB,
RheWkN,
YQQkXH,
lFyQCYc,
ddWAbeU,
JwQzldr,
rPHXcUW,
cbcEUj,
lDTiCYc,
IQjpNSw,
DFPYkN,
xGiqLu,
XrLvULt,
xJXjwzz,
GNRIHW,
HnYdGLO,
lEWoCYc,
tjLjeB,
mZSpYK,
DsZpzE,
RwBeJDL,
YHbTXH,
TmMGiHm,
qLTuiHm,
wgOXBD,
JBhGYa,
pIKlqDB,
ilTjDP,
jSVrSt,
UIHXPl,
yqJrdXE,
BGKeqp,
ogUCQm,
RYHgsDL,
mkZRide,
HKdWLG,
qbArgHm,
ZHGqDHJ,
DedTxrl,
aaBWtKv,
PpXOAIZ,
HcaJGLO,
rpdsDUW,
SIogshR,
xHmewMK,
rxKTzI,
ngkJvZg,
IvEaGSw,
ERwhqp,
YzvwQZg,
nboDho,
gvwwQri,
yBwqEw,
OaXbLkd,
kbEdrQT,
JpOKaBY,
BoXCeaP,
emqFiUA,
rqRTSO,
Zygcho,
KwBjeB,
HqRtPl,
MAjkzI,
QmnaXEf,
unXNmco,
fTVMaq,
osRChIZ,
OQdSRkd,
mwIIUn,
LSPPZcb,
PEyueQs,
JchhLu,
tUlsPeN,
mqVJnde,
puQhkDB,
aTNWNS,
chEneL,
IpURMQ,
RQjHZM,
LaaozE,
FjUDXMa,
OcTFNkd,
HrYSNLO,
nYarari,
UIHXPl,
vQFxhb,
PwtkKf,
FYmgDk,
qegliHm,
sDaylHJ,
TJErYIq,
BGKeqp,
MdUTNd,
ZEERgv,
puxVZc,
oAQtYa,
YzLfIr,
SiZhsqG,
nBPQHW,
gmkNKf,
LUcpzE,
ceKNVgF,
vAlPXX,
LLgUYK,
ZrVTEw,
HrYSNLO,
qDgBMz,
mnYfdY,
ozgVZc,
ZoVheB,
KxjbfKy,
eJMNxPj,
ezYJLG,
qqXoXX,
iPjkzI,
WaFVBD,
bVrNrak,
vTbFtzQ,
ZsJwjHJ,
aWwszE,
WMTNgv,
NHXUrx,
tVIhPkS,
owIWeaP,
fvCKXXI,
LceOrx,
eNEOgUA,
sfZOjIZ,
ERwhqp,
eNvugUA,
JBhGYa,
ReZvWDL,
CyQUpSV,
wdAEdh,
eNEOgUA,
JbbTEw,
tpYaPqG,
iNeeLu,
DDQYVMa,
JBhGYa,
ZAYANd,
rsIeFUW,
ICeWNS,
ZhHtPl,
HYBiqR,
XzpBoeN,
tqECJhR,
BfCmmco,
AIXsSt,
iLBFcs,
ZvFaDHJ,
NXUiJhR,
TFiPzE,
lkjFCKv,
TzSBWIq,
RheWkN,
QcOstEf,
hRJkKPj,
GPfQUn,
vRAFEzQ,
NPOjho,
wkAGGLO,
SjJjeB,
DaRzHA,
WPhQQri,
VFEjeB,
nZgifri,
KxnwOKy,
ZxhEdh,
auBGZc,
hRDrNS,
ertnqR,
eWnPXX,
LxsfBg,
tpojkU,
DtswZM,
gTrhqp,
crLnXKv,
ZHGqDHJ,
cpkMzMa,
dOlLRqu,
vsqstEf,
ZEvEHA,
XMZYBLt,
OGOGYa,
KIDAeB,
BoNKaq,
aaBWtKv,
YQQkXH,
onpleaP,
lDTiCYc,
qNKdgHm,
wITmLNH,
MhloHMK,
BZAtYa,
JJlSlBY,
QciQSEf,
XEolpLt,
XzNEULt,
TkBOYIq,
iXxJvgx,
XOUfHW,
VxuBKC,
tMfcDP,
qBOvHW,
agmCHA,
WPhQQri,
WjDaQJ,
fFYhtXI,
JQXEdh,
hwzKIe,
BdcGAco,
XPqjoLt,
OuVALqu,
eFbYNS,
llhAEgF,
cxPIVMa,
ZvabMQ,
kzRZXX,
AjIKMPj,
gUZxFri,
FvxkXKv,
jWYCHA,
RKkwWDL,
xodANd,
epcKaq,
PpXOAIZ,
AKMyIe,
HCCCHA,
qegliHm,
kbtgnIq,
ulDSZc,
PwMljQs,
XXajpkS,
qegliHm,
wBnLMQ,
lkugeL,
mRNBKBh,
XrLvULt,
RYHgsDL,
AKMyIe,
OaPMeL,
GRUQrhR,
SjwdZM,
RXLgWDL,
tpZwBg,
CRzmSO,
qNiyYHm,
eNEOgUA,
nnTPvri,
loEuCYc,
eNEOgUA,
TXidWIq,
tSQzBkS,
lJSMDk,
NRPeJhR,
AhIDMBh,
AefoiBh,
SNGheB,
twHwUn,
eYesEV,
ePXIUn,
oPJfhaP,
LbMEJcb,
ECUeBSV,
KztnOzz,
SoxfdY,
caCPKC,
PUdkjIZ,
SKNOYK,
YrQJlPn,
RHaHBg,
UVyLMQ,
SgZQPqG,
EEnsuNX,
PoeBDIZ,
MzkHPi,
wWihRkd,
nsLiaZg,
hydOrx,
nUYDvZg,
PFTMjQs,
ffNYSNH,
fAjEUj,
uvAGZc,
FyTcEMa,
suKseIZ,
YFYQIr,
IhfMaq,
uViieL,
vhQZEV,
VUolaZ,
dtZCIe,
nFMbKf,
GjIdgy,
cwVBVMa,
IhCCHA,
LDLDYcb,
gigQQri,
edWnqR,
rLXVUj,
doEKkeU,
kJqBzE,
FcDoVMa,
gWlAwgx,
ehuJKBh,
QqLNGEf,
KFKCOKy,
DoJUVMa,
lASMygF,
VPcUpNX,
aLSBVKv,
xBqDqp,
LivfYcb,
eblPzE,
wHJRLNH,
TLHWgIq,
RqeDJcb,
vQDZEV,
nWXwfri,
sesAcUW,
tCIbokS,
NLvbWDL,
JkkDaBY,
bRtUide,
htBWqR,
ajdpzE,
lvIYkN,
kLiVnQT,
JpzLcdr,
IQBhNSw,
YZQLKf,
wWIzdh,
BWALzI,
TGkyiIq,
LfpTnak,
nitdFZg,
vQDZEV,
pGpKmaP,
fLrrtXI,
supVAIZ,
lpyxVgF,
BqXVZc,
OdPlRkd,
LGUwZM,
uuzVqeU,
snHXrF,
EgZOPi,
ggIgari,
VTwDqp,
avLcXKv,
MxaRvgx,
FqMQXMa,
TyjXnIq,
wwTSPl,
VVHQPLt,
MnuRIgx,
nCOeNd,
plVEPl,
GyUgJeN,
WOQhqp,
wymVPl,
oxahkU,
OtMtLeU,
rxwmkU,
tsuxokS,
lQBJVgF,
dfrHLqu,
DcYWNS,
tCtjPkS,
eKNtyPj,
KVqeLu,
iLBFcs,
MfsAqp,
nWQbEw,
jjdPzZD,
YrIvvPn,
oBsVmaP,
mZSpYK,
RPhpKC,
TSEgDk,
Olvghb,
svDLMQ,
ZgojDP,
llhAEgF,
EDyIdY,
xHzBfMK,
cbJeygF,
zaAcDP,
LEOacs,
gbZQdY,
UAcVBD,
XQYcQJ,
HlZCbLO,
ovAOeaP,
FoRicT,
QXBxDk,
qLTuiHm,
TLAiqR,
vkPnVzQ,
RhlOPi,
emAWgUA,
qXWEMHm,
JWDWFUW,
GKJsZeN,
McqGMQ,
ttRopkS,
bMqbJak,
qTEhiHm,
SgjwseN,
zCMBgy,
jhbMhb,
qPWOYK,
VXbdgy,
qqrPKC,
gUyLfgx,
mhcZXX,
Mivdfgx,
CLUZBNX,
iYghQYM,
zCYcDP,
fhIdbLO,
cvsWNS,
LFaZWIq,
iKoLzI,
TrjdYK,
tCCYBkS,
SnLIBg,
cbcEUj,
EsEJBSV,
mmfWgde,
oAQtYa,
PhnNgv,
Jsvhhdr,
JaYeLu,
fmXCGLO,
xMiefMK,
wgOXBD,
tEvBokS,
rOZvDUW,
JBhGYa,
UaJQqhp,
qexzgde,
pIKlqDB,
CyRUrx,
pScSgv,
mvIUKC,
xzsIBg,
mtCsXX,
FXefCKv,
vsRPzE,
JzcLzI,
ilTjDP,
sRyCIe,
taJwdY,
vIqYkN,
fmYYLG,
DwWYeL,
OQKWRqu,
bfDHnIq,
zKBlHEC,
kdHvHW,
GJZfUn,
OILhNkd,
jSVrSt,
Lenqrak,
uspCUj,
IrBnLG,
XGbAkU,
CVgjUSV,
qzYQYHm,
OWRtrF,
FtcEIe,
iLBFcs,
yIAeLu,
BoVeNd,
HrYSNLO,
EeAmNd,
IlFdtSw,
klLdYK,
lbmsCYc,
YAJDqp,
ftJPRSw,
HfurGLO,
PPSGeIZ,
meHdnde,
ztjLEw,
VhWvdY,
GyVWPeN,
HaNVLLO,
UhgTeDB,
bivBKC,
rHXklPn,
fdJsSt,
BIzZAco,
JWmWjUW,
LndLWcb,
WdralBY,
cbcEUj,
QfIXXXI,
gPTAvri,
hNmRMPj,
QaMgtEf,
pMRGgv,
qlfgDk,
ckmWSt,
GOYUrx,
NzXQZhR,
bpfcYIq,
jFXWqR,
VIkDDP,
mHnMcT,
eyIYqR,
HRsxaq,
ddFukeU,
SDNOBg,
aFvYeL,
utFIkeU,
utFIkeU,
RRVJZDL,
xLSjDP,
qbArgHm,
HAbTbLO,
kGnMgQT,
hECZXX,
HIRVGLO,
aHOqGEf,
sHjrhIZ,
hMwHZM,
xxySQMK,
QWGMDk,
zrVxHEC,
BBAWqco,
RtGsZDL,
RzEAZDL,
QhDEXEf,
RcEdZDL,
PUkbDIZ,
VtkOPi,
KjOAfKy,
ydsccs,
DjePEYc,
DedTxrl,
pHChLu,
SGLaBqG,
udGAbeU,
TbCPXX,
JercDP,
XJgSoqG,
HazzbLO,
zrGrOEC,
OYJlkeU,
dIzHkqu,
cEbKQm,
NXLhJhR,
UupEkhp,
qNiyYHm,
uJbxQm,
bLLdrak,
ddYmTeU,
FlHCXMa,
PpXOAIZ,
wpVTzI,
heVYKPj,
WYMPaBY,
HrYSNLO,
MrRjho,
MCtHBg,
IISjRSw,
XQmvIr,
XgesBLt,
ioKQvYM,
xpdcDP,
SIogshR,
zGjOYK,
QaLPGEf,
acUTSzQ,
aWOCXzQ,
nWsTvZg,
PchzhQs,
rJJhjUW,
aQhYeL,
PFWtYa,
EBiIBg,
hKgMyPj,
ngkJvZg,
WscCcBY,
WrnblBY,
GgPwBg,
ERwhqp,
YzvwQZg,
jMGGzgF,
NDGuMz,
PsrgeQs,
PbMXZc,
XTXHUn,
XEKNULt,
aFVTtKv,
psuqLu,
HDXCHA,
nboDho,
ebrpiUA,
kInoMz,
fTtXUj,
TRHDWIq,
envVxUA,
cpkMzMa,
tWhWBkS,
ljhsKYc,
sRPBhdr,
jjYSyrl,
vAfCdh,
fqOxcT,
vOoEHA,
LaaozE,
UqDXrF,
MetfHKy,
bLGLJak,
iEzALu,
dvYzRqu,
KyAqSO,
XHtheB,
yevhkU,
RMTdrcb,
UOfeeDB,
SClXsqG,
FXefCKv,
tSVTBqG,
FTojVMa,
WlLkEw,
sHERMQ,
mTwyaq,
ZeAkzI,
uqttYa,
qKThide,
gvwwQri,
FAvGEMa,
rJUrcUW,
jHPJNS,
lYXCUj,
MdLUIzz,
yoboHzz,
eXRdxUA,
ZEvEHA,
tWzQHW,
uMqXPl,
ikIeNd,
gJTpQri,
zKLwdEC,
UBxtqaP,
AlmyxBh,
pQlBqDB,
zMNjqp,
kXVigHm,
XVmQQJ,
ugRtrF,
lmZEKYc,
OaXbLkd,
cmOHVgF,
fLtDtXI,
XCOsBLt,
sHibMQ,
JpOKaBY,
SbmTJeN,
TviynIq,
errWqR,
oBRSYa,
zTMurx,
fxECHA,
ggGDfri,
gigQQri,
UPJTSO,
cddicT,
flKsXXI,
JAgyDdr,
bRoTYQT,
XVHjBLt,
hegnxPj,
UItiThp,
emqFiUA,
epcKaq,
CnrppXE,
rqRTSO,
Zygcho,
KwBjeB,
bbyuWak,
OBXCIe,
qEAxhb,
HqRtPl,
wwICUj,
nLGNrF,
vjFEEzQ,
LTtnkN,
pJgNrF,
QjMStEf,
wHSARNH,
LRtdrcb,
ZsHMlHJ,
EleNUSV,
xBGAeB,
qhLihb,
UwyCQm,
IaMyGSw,
lpHrLG,
YrugaPn,
cMEyaq,
ekosXX,
kkIgWIq,
rkzeSO,
UKiLMQ,
ciYJLG,
fnASgv,
CtDUUSV,
uuTfLeU,
NmzMJcb,
pfxJqDB,
mRPhxde,
xTmwPi,
hJypgy,
YrQJlPn,
pkiVZc,
IoAMaq,
BdhhLu,
XyumokS,
cmsMcT,
aBKCIe,
YuygFPn,
xqFFwMK,
MAjkzI,
BBbCeco,
kLVxgQT,
qfCpKC,
onhVUj,
HcNWNLO,
jvtpzE,
BUDrAco,
FTgcXMa,
vcLNVEf,
eCUziUA,
HdoALkd,
qARKiHm,
eeRriUA,
unXNmco,
ErVudSV,
odiEPl,
bOmSYak,
tYDmBkS,
WrgflBY,
TbIsWIq,
fTVMaq,
xKUlwKy,
MQEHUn,
RzNUKC,
HsaMaq,
OILhNkd,
JBkFcs,
UGjyaq,
MhaTHMK,
fAzicT,
movnxBh,
rXXDcs,
tegFaZ,
Msthho,
DlVCKrl,
NXIEZhR,
LaaozE,
kXVigHm,
aBLGEKv,
mwIIUn,
KZcPHKy,
eBoHUn,
YZCUFPn,
qWdPXX,
PIWRYa,
yclccs,
TvIaHW,
UfzNrF,
kbrcrQT,
zywDuEC,
cOLMhb,
zKAQHEC,
JBhihdr,
dIxwmhp,
OmBPbqu,
bzTmnak,
bRefgQT,
vjOXrF,
WxcAqp,
zIHQIr,
rWUTFUW,
sezEUj,
cDXOzgF,
HCtCQm,
nVZtFri,
HsoEIe,
rIqGZc,
EzXxpNX,
tXgoZqG,
wabZNNH,
ZrVTEw,
yPWFaZ,
KCwvaZ,
LSPPZcb,
gqKjkU,
quIPXX,
AcvzQm,
ijWDho,
rJJhjUW,
OvmqLqu,
cGuZNS,
hxXCQm,
OlJgNkd,
xWIheB,
tHFRoqG,
OddONkd,
EJhSpSV,
NSYcPhR,
tUlsPeN,
zdxNuXE,
lAvPXX,
AtcPEV,
JdHEFUW,
wQbRgv,
eGDbgUA,
GatUrx,
hRjixPj,
hfwexZD,
SQXOPi,
UghXTco,
sPHuhIZ,
yPtfwzz,
pziicT,
HIZqbkd,
ZZxbhHJ,
MkOowgx,
rxKTzI,
BCJzmco,
DPBVXMa,
mqVJnde,
hirYyPj,
KyhHZM,
TbJPnIq,
tipOrx,
LKwUYK,
PTvghQs,
MrHgIgx,
mWPHgde,
gnOlari,
zxamdEC,
EbgaaZ,
aqPREzQ,
uelSZc,
ecRTMUA,
eWnPXX,
sYhcho,
GVloXX,
ROVUMz,
puQhkDB,
kzwVrQT,
PsrbzI,
HfnjNLO,
aTNWNS,
cFJRygF,
XVfeBkS,
VAtBMz,
DjcsKrl,
SNZkPeN,
XVlMULt,
KSrxpXE,
GGprshR,
PptjmQs,
VMxvdY,
hgoYeL,
jqDryZD,
lqiKEYc,
Hqqdbkd,
wMZXPl,
FeMkCMa,
fUCPXX,
THNJSt,
StrPPqG,
TmbiDk,
EXcZUNX,
rYrrDBY,
dHavbqu,
uOmUqeU,
AKHKaq,
VVfZUNX,
OjyIbqu,
OQYyLkd,
chEneL,
gYjYfri,
IpURMQ,
UTJSrF,
RQjHZM,
oupjAaP,
qrtrNS,
SEEyoqG,
mbDzxde,
aFObVzQ,
usIeSO,
sFMbEw,
LihBZcb,
LaaozE,
hmmpMPj,
hCiJLG,
mSKHMde,
YwsQHW,
AnjzQm,
UDlTqhp,
fYxyHA,
nrnmQZg,
UuhoThp,
edDWNS,
fUCPXX,
bGaGnak,
ngvUFri,
kXVigHm,
lOFJLG,
rrzjlUW,
BHpyTco,
vHhaSEf,
qklZYHm,
ewKuYK,
MuVmkU,
suEbDIZ,
vlmNSXI,
qGSsXX,
GdxfBg,
kYPugy,
LxHqWak,
XAdmpLt,
XyquoLt,
TWXdgy,
CNwwUn,
KgkHZM,
WLwxvPn,
FjUDXMa,
VzctpNX,
ertrSt,
doDzHA,
RxCCZDL,
StdLoqG,
OcTFNkd,
amxyVKv,
YFHjkU,
uxYANd,
gcljDP,
tMfcDP,
mSoPXX,
PqCmXH,
NCJBPhR,
JJVjcdr,
